AA,Aliphatic,Aromatic,Acidic,Basic,Hydroxylic,Sulphur,Amidic
A,1,0.00001,0.00001,0.00001,0.00001,0.00001,0.00001
R,0.00001,0.00001,0.00001,1,0.00001,0.00001,0.00001
N,0.00001,0.00001,0.00001,0.00001,0.00001,0.00001,1
D,0.00001,0.00001,1,0.00001,0.00001,0.00001,0.00001
C,0.00001,0.00001,0.00001,0.00001,0.00001,1,0.00001
Q,0.00001,0.00001,0.00001,0.00001,0.00001,0.00001,1
E,0.00001,0.00001,1,0.00001,0.00001,0.00001,0.00001
G,1,0.00001,0.00001,0.00001,0.00001,0.00001,0.00001
H,0.00001,0.00001,0.00001,1,0.00001,0.00001,0.00001
I,1,0.00001,0.00001,0.00001,0.00001,0.00001,0.00001
L,1,0.00001,0.00001,0.00001,0.00001,0.00001,0.00001
K,0.00001,0.00001,0.00001,1,0.00001,0.00001,0.00001
M,0.00001,0.00001,0.00001,0.00001,0.00001,1,0.00001
F,0.00001,1,0.00001,0.00001,0.00001,0.00001,0.00001
P,1,0.00001,0.00001,0.00001,0.00001,0.00001,0.00001
S,0.00001,0.00001,0.00001,0.00001,1,0.00001,0.00001
T,0.00001,0.00001,0.00001,0.00001,1,0.00001,0.00001
W,0.00001,1,0.00001,0.00001,0.00001,0.00001,0.00001
Y,0.00001,1,0.00001,0.00001,0.00001,0.00001,0.00001
V,1,0.00001,0.00001,0.00001,0.00001,0.00001,0.00001
